[
  {
    "$type": "StringType"
  },
  {
    "$type": "StringLiteralType",
    "value": "Applications.Dapr/configurationStores"
  },
  {
    "$type": "StringLiteralType",
    "value": "2023-10-01-preview"
  },
  {
    "$type": "ObjectType",
    "name": "Applications.Dapr/configurationStores",
    "properties": {
      "id": {
        "type": {
          "$ref": "#/0"
        },
        "flags": 10,
        "description": "The resource id"
      },
      "name": {
        "type": {
          "$ref": "#/0"
        },
        "flags": 25,
        "description": "The resource name"
      },
      "type": {
        "type": {
          "$ref": "#/1"
        },
        "flags": 10,
        "description": "The resource type"
      },
      "apiVersion": {
        "type": {
          "$ref": "#/2"
        },
        "flags": 10,
        "description": "The resource api version"
      },
      "properties": {
        "type": {
          "$ref": "#/4"
        },
        "flags": 1,
        "description": "Dapr configuration store portable resource properties"
      },
      "tags": {
        "type": {
          "$ref": "#/43"
        },
        "flags": 0,
        "description": "Resource tags."
      },
      "location": {
        "type": {
          "$ref": "#/0"
        },
        "flags": 0,
        "description": "The geo-location where the resource lives"
      },
      "systemData": {
        "type": {
          "$ref": "#/44"
        },
        "flags": 2,
        "description": "Metadata pertaining to creation and last modification of the resource."
      }
    }
  },
  {
    "$type": "ObjectType",
    "name": "DaprConfigurationStoreProperties",
    "properties": {
      "environment": {
        "type": {
          "$ref": "#/0"
        },
        "flags": 1,
        "description": "Fully qualified resource ID for the environment that the portable resource is linked to"
      },
      "application": {
        "type": {
          "$ref": "#/0"
        },
        "flags": 0,
        "description": "Fully qualified resource ID for the application that the portable resource is consumed by (if applicable)"
      },
      "provisioningState": {
        "type": {
          "$ref": "#/13"
        },
        "flags": 2,
        "description": "Provisioning state of the resource at the time the operation was called"
      },
      "status": {
        "type": {
          "$ref": "#/14"
        },
        "flags": 2,
        "description": "Status of a resource."
      },
      "componentName": {
        "type": {
          "$ref": "#/0"
        },
        "flags": 2,
        "description": "The name of the Dapr component object. Use this value in your code when interacting with the Dapr client to use the Dapr component."
      },
      "metadata": {
        "type": {
          "$ref": "#/34"
        },
        "flags": 0,
        "description": "The metadata for Dapr resource which must match the values specified in Dapr component spec"
      },
      "type": {
        "type": {
          "$ref": "#/0"
        },
        "flags": 0,
        "description": "Dapr component type which must matches the format used by Dapr Kubernetes configuration format"
      },
      "version": {
        "type": {
          "$ref": "#/0"
        },
        "flags": 0,
        "description": "Dapr component version"
      },
      "auth": {
        "type": {
          "$ref": "#/35"
        },
        "flags": 0,
        "description": "Authentication properties for a Dapr component object"
      },
      "resources": {
        "type": {
          "$ref": "#/37"
        },
        "flags": 0,
        "description": "A collection of references to resources associated with the configuration store"
      },
      "recipe": {
        "type": {
          "$ref": "#/38"
        },
        "flags": 0,
        "description": "The recipe used to automatically deploy underlying infrastructure for a portable resource"
      },
      "resourceProvisioning": {
        "type": {
          "$ref": "#/42"
        },
        "flags": 0,
        "description": "Specifies how the underlying service/resource is provisioned and managed. Available values are 'recipe', where Radius manages the lifecycle of the resource through a Recipe, and 'manual', where a user manages the resource and provides the values."
      }
    }
  },
  {
    "$type": "StringLiteralType",
    "value": "Creating"
  },
  {
    "$type": "StringLiteralType",
    "value": "Updating"
  },
  {
    "$type": "StringLiteralType",
    "value": "Deleting"
  },
  {
    "$type": "StringLiteralType",
    "value": "Accepted"
  },
  {
    "$type": "StringLiteralType",
    "value": "Provisioning"
  },
  {
    "$type": "StringLiteralType",
    "value": "Succeeded"
  },
  {
    "$type": "StringLiteralType",
    "value": "Failed"
  },
  {
    "$type": "StringLiteralType",
    "value": "Canceled"
  },
  {
    "$type": "UnionType",
    "elements": [
      {
        "$ref": "#/5"
      },
      {
        "$ref": "#/6"
      },
      {
        "$ref": "#/7"
      },
      {
        "$ref": "#/8"
      },
      {
        "$ref": "#/9"
      },
      {
        "$ref": "#/10"
      },
      {
        "$ref": "#/11"
      },
      {
        "$ref": "#/12"
      }
    ]
  },
  {
    "$type": "ObjectType",
    "name": "ResourceStatus",
    "properties": {
      "compute": {
        "type": {
          "$ref": "#/15"
        },
        "flags": 0,
        "description": "Represents backing compute resource"
      },
      "recipe": {
        "type": {
          "$ref": "#/28"
        },
        "flags": 2,
        "description": "Recipe status at deployment time for a resource."
      },
      "outputResources": {
        "type": {
          "$ref": "#/31"
        },
        "flags": 0,
        "description": "Properties of an output resource"
      }
    }
  },
  {
    "$type": "DiscriminatedObjectType",
    "name": "EnvironmentCompute",
    "discriminator": "kind",
    "baseProperties": {
      "resourceId": {
        "type": {
          "$ref": "#/0"
        },
        "flags": 0,
        "description": "The resource id of the compute resource for application environment."
      },
      "identity": {
        "type": {
          "$ref": "#/16"
        },
        "flags": 0,
        "description": "IdentitySettings is the external identity setting."
      }
    },
    "elements": {
      "aci": {
        "$ref": "#/24"
      },
      "kubernetes": {
        "$ref": "#/26"
      }
    }
  },
  {
    "$type": "ObjectType",
    "name": "IdentitySettings",
    "properties": {
      "kind": {
        "type": {
          "$ref": "#/22"
        },
        "flags": 1,
        "description": "IdentitySettingKind is the kind of supported external identity setting"
      },
      "oidcIssuer": {
        "type": {
          "$ref": "#/0"
        },
        "flags": 0,
        "description": "The URI for your compute platform's OIDC issuer"
      },
      "resource": {
        "type": {
          "$ref": "#/0"
        },
        "flags": 0,
        "description": "The resource ID of the provisioned identity"
      },
      "managedIdentity": {
        "type": {
          "$ref": "#/23"
        },
        "flags": 0,
        "description": "The list of user assigned managed identities"
      }
    }
  },
  {
    "$type": "StringLiteralType",
    "value": "undefined"
  },
  {
    "$type": "StringLiteralType",
    "value": "azure.com.workload"
  },
  {
    "$type": "StringLiteralType",
    "value": "userAssigned"
  },
  {
    "$type": "StringLiteralType",
    "value": "systemAssigned"
  },
  {
    "$type": "StringLiteralType",
    "value": "systemAssignedUserAssigned"
  },
  {
    "$type": "UnionType",
    "elements": [
      {
        "$ref": "#/17"
      },
      {
        "$ref": "#/18"
      },
      {
        "$ref": "#/19"
      },
      {
        "$ref": "#/20"
      },
      {
        "$ref": "#/21"
      }
    ]
  },
  {
    "$type": "ArrayType",
    "itemType": {
      "$ref": "#/0"
    }
  },
  {
    "$type": "ObjectType",
    "name": "AzureContainerInstanceCompute",
    "properties": {
      "resourceGroup": {
        "type": {
          "$ref": "#/0"
        },
        "flags": 0,
        "description": "The resource group to use for the environment."
      },
      "kind": {
        "type": {
          "$ref": "#/25"
        },
        "flags": 1,
        "description": "Discriminator property for EnvironmentCompute."
      }
    }
  },
  {
    "$type": "StringLiteralType",
    "value": "aci"
  },
  {
    "$type": "ObjectType",
    "name": "KubernetesCompute",
    "properties": {
      "namespace": {
        "type": {
          "$ref": "#/0"
        },
        "flags": 1,
        "description": "The namespace to use for the environment."
      },
      "kind": {
        "type": {
          "$ref": "#/27"
        },
        "flags": 1,
        "description": "Discriminator property for EnvironmentCompute."
      }
    }
  },
  {
    "$type": "StringLiteralType",
    "value": "kubernetes"
  },
  {
    "$type": "ObjectType",
    "name": "RecipeStatus",
    "properties": {
      "templateKind": {
        "type": {
          "$ref": "#/0"
        },
        "flags": 1,
        "description": "TemplateKind is the kind of the recipe template used by the portable resource upon deployment."
      },
      "templatePath": {
        "type": {
          "$ref": "#/0"
        },
        "flags": 1,
        "description": "TemplatePath is the path of the recipe consumed by the portable resource upon deployment."
      },
      "templateVersion": {
        "type": {
          "$ref": "#/0"
        },
        "flags": 0,
        "description": "TemplateVersion is the version number of the template."
      }
    }
  },
  {
    "$type": "ObjectType",
    "name": "OutputResource",
    "properties": {
      "localId": {
        "type": {
          "$ref": "#/0"
        },
        "flags": 0,
        "description": "The logical identifier scoped to the owning Radius resource. This is only needed or used when a resource has a dependency relationship. LocalIDs do not have any particular format or meaning beyond being compared to determine dependency relationships."
      },
      "id": {
        "type": {
          "$ref": "#/0"
        },
        "flags": 0,
        "description": "The UCP resource ID of the underlying resource."
      },
      "radiusManaged": {
        "type": {
          "$ref": "#/30"
        },
        "flags": 0,
        "description": "Determines whether Radius manages the lifecycle of the underlying resource."
      }
    }
  },
  {
    "$type": "BooleanType"
  },
  {
    "$type": "ArrayType",
    "itemType": {
      "$ref": "#/29"
    }
  },
  {
    "$type": "ObjectType",
    "name": "MetadataValue",
    "properties": {
      "value": {
        "type": {
          "$ref": "#/0"
        },
        "flags": 0,
        "description": "The plain text value of the metadata"
      },
      "secretKeyRef": {
        "type": {
          "$ref": "#/33"
        },
        "flags": 0,
        "description": "A reference of a value in a secret store component."
      }
    }
  },
  {
    "$type": "ObjectType",
    "name": "MetadataValueFromSecret",
    "properties": {
      "name": {
        "type": {
          "$ref": "#/0"
        },
        "flags": 1,
        "description": "Secret name in the secret store component"
      },
      "key": {
        "type": {
          "$ref": "#/0"
        },
        "flags": 1,
        "description": "The field to select in the secret value. If the secret value is a string, it should be equal to the secret name"
      }
    }
  },
  {
    "$type": "ObjectType",
    "name": "DaprConfigurationStorePropertiesMetadata",
    "properties": {},
    "additionalProperties": {
      "$ref": "#/32"
    }
  },
  {
    "$type": "ObjectType",
    "name": "DaprResourceAuth",
    "properties": {
      "secretStore": {
        "type": {
          "$ref": "#/0"
        },
        "flags": 0,
        "description": "Secret store to fetch secrets from"
      }
    }
  },
  {
    "$type": "ObjectType",
    "name": "ResourceReference",
    "properties": {
      "id": {
        "type": {
          "$ref": "#/0"
        },
        "flags": 1,
        "description": "Resource id of an existing resource"
      }
    }
  },
  {
    "$type": "ArrayType",
    "itemType": {
      "$ref": "#/36"
    }
  },
  {
    "$type": "ObjectType",
    "name": "Recipe",
    "properties": {
      "name": {
        "type": {
          "$ref": "#/0"
        },
        "flags": 1,
        "description": "The name of the recipe within the environment to use"
      },
      "parameters": {
        "type": {
          "$ref": "#/39"
        },
        "flags": 0,
        "description": "Any object"
      }
    }
  },
  {
    "$type": "AnyType"
  },
  {
    "$type": "StringLiteralType",
    "value": "recipe"
  },
  {
    "$type": "StringLiteralType",
    "value": "manual"
  },
  {
    "$type": "UnionType",
    "elements": [
      {
        "$ref": "#/40"
      },
      {
        "$ref": "#/41"
      }
    ]
  },
  {
    "$type": "ObjectType",
    "name": "TrackedResourceTags",
    "properties": {},
    "additionalProperties": {
      "$ref": "#/0"
    }
  },
  {
    "$type": "ObjectType",
    "name": "SystemData",
    "properties": {
      "createdBy": {
        "type": {
          "$ref": "#/0"
        },
        "flags": 0,
        "description": "The identity that created the resource."
      },
      "createdByType": {
        "type": {
          "$ref": "#/49"
        },
        "flags": 0,
        "description": "The type of identity that created the resource."
      },
      "createdAt": {
        "type": {
          "$ref": "#/0"
        },
        "flags": 0,
        "description": "The timestamp of resource creation (UTC)."
      },
      "lastModifiedBy": {
        "type": {
          "$ref": "#/0"
        },
        "flags": 0,
        "description": "The identity that last modified the resource."
      },
      "lastModifiedByType": {
        "type": {
          "$ref": "#/54"
        },
        "flags": 0,
        "description": "The type of identity that created the resource."
      },
      "lastModifiedAt": {
        "type": {
          "$ref": "#/0"
        },
        "flags": 0,
        "description": "The timestamp of resource last modification (UTC)"
      }
    }
  },
  {
    "$type": "StringLiteralType",
    "value": "User"
  },
  {
    "$type": "StringLiteralType",
    "value": "Application"
  },
  {
    "$type": "StringLiteralType",
    "value": "ManagedIdentity"
  },
  {
    "$type": "StringLiteralType",
    "value": "Key"
  },
  {
    "$type": "UnionType",
    "elements": [
      {
        "$ref": "#/45"
      },
      {
        "$ref": "#/46"
      },
      {
        "$ref": "#/47"
      },
      {
        "$ref": "#/48"
      }
    ]
  },
  {
    "$type": "StringLiteralType",
    "value": "User"
  },
  {
    "$type": "StringLiteralType",
    "value": "Application"
  },
  {
    "$type": "StringLiteralType",
    "value": "ManagedIdentity"
  },
  {
    "$type": "StringLiteralType",
    "value": "Key"
  },
  {
    "$type": "UnionType",
    "elements": [
      {
        "$ref": "#/50"
      },
      {
        "$ref": "#/51"
      },
      {
        "$ref": "#/52"
      },
      {
        "$ref": "#/53"
      }
    ]
  },
  {
    "$type": "ResourceType",
    "name": "Applications.Dapr/configurationStores@2023-10-01-preview",
    "scopeType": 0,
    "body": {
      "$ref": "#/3"
    },
    "flags": 0,
    "functions": {}
  },
  {
    "$type": "StringLiteralType",
    "value": "Applications.Dapr/pubSubBrokers"
  },
  {
    "$type": "StringLiteralType",
    "value": "2023-10-01-preview"
  },
  {
    "$type": "ObjectType",
    "name": "Applications.Dapr/pubSubBrokers",
    "properties": {
      "id": {
        "type": {
          "$ref": "#/0"
        },
        "flags": 10,
        "description": "The resource id"
      },
      "name": {
        "type": {
          "$ref": "#/0"
        },
        "flags": 25,
        "description": "The resource name"
      },
      "type": {
        "type": {
          "$ref": "#/56"
        },
        "flags": 10,
        "description": "The resource type"
      },
      "apiVersion": {
        "type": {
          "$ref": "#/57"
        },
        "flags": 10,
        "description": "The resource api version"
      },
      "properties": {
        "type": {
          "$ref": "#/59"
        },
        "flags": 1,
        "description": "Dapr PubSubBroker portable resource properties"
      },
      "tags": {
        "type": {
          "$ref": "#/74"
        },
        "flags": 0,
        "description": "Resource tags."
      },
      "location": {
        "type": {
          "$ref": "#/0"
        },
        "flags": 0,
        "description": "The geo-location where the resource lives"
      },
      "systemData": {
        "type": {
          "$ref": "#/44"
        },
        "flags": 2,
        "description": "Metadata pertaining to creation and last modification of the resource."
      }
    }
  },
  {
    "$type": "ObjectType",
    "name": "DaprPubSubBrokerProperties",
    "properties": {
      "environment": {
        "type": {
          "$ref": "#/0"
        },
        "flags": 1,
        "description": "Fully qualified resource ID for the environment that the portable resource is linked to"
      },
      "application": {
        "type": {
          "$ref": "#/0"
        },
        "flags": 0,
        "description": "Fully qualified resource ID for the application that the portable resource is consumed by (if applicable)"
      },
      "provisioningState": {
        "type": {
          "$ref": "#/68"
        },
        "flags": 2,
        "description": "Provisioning state of the resource at the time the operation was called"
      },
      "status": {
        "type": {
          "$ref": "#/14"
        },
        "flags": 2,
        "description": "Status of a resource."
      },
      "componentName": {
        "type": {
          "$ref": "#/0"
        },
        "flags": 2,
        "description": "The name of the Dapr component object. Use this value in your code when interacting with the Dapr client to use the Dapr component."
      },
      "metadata": {
        "type": {
          "$ref": "#/69"
        },
        "flags": 0,
        "description": "The metadata for Dapr resource which must match the values specified in Dapr component spec"
      },
      "type": {
        "type": {
          "$ref": "#/0"
        },
        "flags": 0,
        "description": "Dapr component type which must matches the format used by Dapr Kubernetes configuration format"
      },
      "version": {
        "type": {
          "$ref": "#/0"
        },
        "flags": 0,
        "description": "Dapr component version"
      },
      "auth": {
        "type": {
          "$ref": "#/35"
        },
        "flags": 0,
        "description": "Authentication properties for a Dapr component object"
      },
      "resources": {
        "type": {
          "$ref": "#/70"
        },
        "flags": 0,
        "description": "A collection of references to resources associated with the pubSubBroker"
      },
      "recipe": {
        "type": {
          "$ref": "#/38"
        },
        "flags": 0,
        "description": "The recipe used to automatically deploy underlying infrastructure for a portable resource"
      },
      "resourceProvisioning": {
        "type": {
          "$ref": "#/73"
        },
        "flags": 0,
        "description": "Specifies how the underlying service/resource is provisioned and managed. Available values are 'recipe', where Radius manages the lifecycle of the resource through a Recipe, and 'manual', where a user manages the resource and provides the values."
      }
    }
  },
  {
    "$type": "StringLiteralType",
    "value": "Creating"
  },
  {
    "$type": "StringLiteralType",
    "value": "Updating"
  },
  {
    "$type": "StringLiteralType",
    "value": "Deleting"
  },
  {
    "$type": "StringLiteralType",
    "value": "Accepted"
  },
  {
    "$type": "StringLiteralType",
    "value": "Provisioning"
  },
  {
    "$type": "StringLiteralType",
    "value": "Succeeded"
  },
  {
    "$type": "StringLiteralType",
    "value": "Failed"
  },
  {
    "$type": "StringLiteralType",
    "value": "Canceled"
  },
  {
    "$type": "UnionType",
    "elements": [
      {
        "$ref": "#/60"
      },
      {
        "$ref": "#/61"
      },
      {
        "$ref": "#/62"
      },
      {
        "$ref": "#/63"
      },
      {
        "$ref": "#/64"
      },
      {
        "$ref": "#/65"
      },
      {
        "$ref": "#/66"
      },
      {
        "$ref": "#/67"
      }
    ]
  },
  {
    "$type": "ObjectType",
    "name": "DaprPubSubBrokerPropertiesMetadata",
    "properties": {},
    "additionalProperties": {
      "$ref": "#/32"
    }
  },
  {
    "$type": "ArrayType",
    "itemType": {
      "$ref": "#/36"
    }
  },
  {
    "$type": "StringLiteralType",
    "value": "recipe"
  },
  {
    "$type": "StringLiteralType",
    "value": "manual"
  },
  {
    "$type": "UnionType",
    "elements": [
      {
        "$ref": "#/71"
      },
      {
        "$ref": "#/72"
      }
    ]
  },
  {
    "$type": "ObjectType",
    "name": "TrackedResourceTags",
    "properties": {},
    "additionalProperties": {
      "$ref": "#/0"
    }
  },
  {
    "$type": "ResourceType",
    "name": "Applications.Dapr/pubSubBrokers@2023-10-01-preview",
    "scopeType": 0,
    "body": {
      "$ref": "#/58"
    },
    "flags": 0,
    "functions": {}
  },
  {
    "$type": "StringLiteralType",
    "value": "Applications.Dapr/secretStores"
  },
  {
    "$type": "StringLiteralType",
    "value": "2023-10-01-preview"
  },
  {
    "$type": "ObjectType",
    "name": "Applications.Dapr/secretStores",
    "properties": {
      "id": {
        "type": {
          "$ref": "#/0"
        },
        "flags": 10,
        "description": "The resource id"
      },
      "name": {
        "type": {
          "$ref": "#/0"
        },
        "flags": 25,
        "description": "The resource name"
      },
      "type": {
        "type": {
          "$ref": "#/76"
        },
        "flags": 10,
        "description": "The resource type"
      },
      "apiVersion": {
        "type": {
          "$ref": "#/77"
        },
        "flags": 10,
        "description": "The resource api version"
      },
      "properties": {
        "type": {
          "$ref": "#/79"
        },
        "flags": 1,
        "description": "Dapr SecretStore portable resource properties"
      },
      "tags": {
        "type": {
          "$ref": "#/93"
        },
        "flags": 0,
        "description": "Resource tags."
      },
      "location": {
        "type": {
          "$ref": "#/0"
        },
        "flags": 0,
        "description": "The geo-location where the resource lives"
      },
      "systemData": {
        "type": {
          "$ref": "#/44"
        },
        "flags": 2,
        "description": "Metadata pertaining to creation and last modification of the resource."
      }
    }
  },
  {
    "$type": "ObjectType",
    "name": "DaprSecretStoreProperties",
    "properties": {
      "environment": {
        "type": {
          "$ref": "#/0"
        },
        "flags": 1,
        "description": "Fully qualified resource ID for the environment that the portable resource is linked to"
      },
      "application": {
        "type": {
          "$ref": "#/0"
        },
        "flags": 0,
        "description": "Fully qualified resource ID for the application that the portable resource is consumed by (if applicable)"
      },
      "provisioningState": {
        "type": {
          "$ref": "#/88"
        },
        "flags": 2,
        "description": "Provisioning state of the resource at the time the operation was called"
      },
      "status": {
        "type": {
          "$ref": "#/14"
        },
        "flags": 2,
        "description": "Status of a resource."
      },
      "componentName": {
        "type": {
          "$ref": "#/0"
        },
        "flags": 2,
        "description": "The name of the Dapr component object. Use this value in your code when interacting with the Dapr client to use the Dapr component."
      },
      "metadata": {
        "type": {
          "$ref": "#/89"
        },
        "flags": 0,
        "description": "The metadata for Dapr resource which must match the values specified in Dapr component spec"
      },
      "type": {
        "type": {
          "$ref": "#/0"
        },
        "flags": 0,
        "description": "Dapr component type which must matches the format used by Dapr Kubernetes configuration format"
      },
      "version": {
        "type": {
          "$ref": "#/0"
        },
        "flags": 0,
        "description": "Dapr component version"
      },
      "recipe": {
        "type": {
          "$ref": "#/38"
        },
        "flags": 0,
        "description": "The recipe used to automatically deploy underlying infrastructure for a portable resource"
      },
      "resourceProvisioning": {
        "type": {
          "$ref": "#/92"
        },
        "flags": 0,
        "description": "Specifies how the underlying service/resource is provisioned and managed. Available values are 'recipe', where Radius manages the lifecycle of the resource through a Recipe, and 'manual', where a user manages the resource and provides the values."
      }
    }
  },
  {
    "$type": "StringLiteralType",
    "value": "Creating"
  },
  {
    "$type": "StringLiteralType",
    "value": "Updating"
  },
  {
    "$type": "StringLiteralType",
    "value": "Deleting"
  },
  {
    "$type": "StringLiteralType",
    "value": "Accepted"
  },
  {
    "$type": "StringLiteralType",
    "value": "Provisioning"
  },
  {
    "$type": "StringLiteralType",
    "value": "Succeeded"
  },
  {
    "$type": "StringLiteralType",
    "value": "Failed"
  },
  {
    "$type": "StringLiteralType",
    "value": "Canceled"
  },
  {
    "$type": "UnionType",
    "elements": [
      {
        "$ref": "#/80"
      },
      {
        "$ref": "#/81"
      },
      {
        "$ref": "#/82"
      },
      {
        "$ref": "#/83"
      },
      {
        "$ref": "#/84"
      },
      {
        "$ref": "#/85"
      },
      {
        "$ref": "#/86"
      },
      {
        "$ref": "#/87"
      }
    ]
  },
  {
    "$type": "ObjectType",
    "name": "DaprSecretStorePropertiesMetadata",
    "properties": {},
    "additionalProperties": {
      "$ref": "#/32"
    }
  },
  {
    "$type": "StringLiteralType",
    "value": "recipe"
  },
  {
    "$type": "StringLiteralType",
    "value": "manual"
  },
  {
    "$type": "UnionType",
    "elements": [
      {
        "$ref": "#/90"
      },
      {
        "$ref": "#/91"
      }
    ]
  },
  {
    "$type": "ObjectType",
    "name": "TrackedResourceTags",
    "properties": {},
    "additionalProperties": {
      "$ref": "#/0"
    }
  },
  {
    "$type": "ResourceType",
    "name": "Applications.Dapr/secretStores@2023-10-01-preview",
    "scopeType": 0,
    "body": {
      "$ref": "#/78"
    },
    "flags": 0,
    "functions": {}
  },
  {
    "$type": "StringLiteralType",
    "value": "Applications.Dapr/stateStores"
  },
  {
    "$type": "StringLiteralType",
    "value": "2023-10-01-preview"
  },
  {
    "$type": "ObjectType",
    "name": "Applications.Dapr/stateStores",
    "properties": {
      "id": {
        "type": {
          "$ref": "#/0"
        },
        "flags": 10,
        "description": "The resource id"
      },
      "name": {
        "type": {
          "$ref": "#/0"
        },
        "flags": 25,
        "description": "The resource name"
      },
      "type": {
        "type": {
          "$ref": "#/95"
        },
        "flags": 10,
        "description": "The resource type"
      },
      "apiVersion": {
        "type": {
          "$ref": "#/96"
        },
        "flags": 10,
        "description": "The resource api version"
      },
      "properties": {
        "type": {
          "$ref": "#/98"
        },
        "flags": 1,
        "description": "Dapr StateStore portable resource properties"
      },
      "tags": {
        "type": {
          "$ref": "#/113"
        },
        "flags": 0,
        "description": "Resource tags."
      },
      "location": {
        "type": {
          "$ref": "#/0"
        },
        "flags": 0,
        "description": "The geo-location where the resource lives"
      },
      "systemData": {
        "type": {
          "$ref": "#/44"
        },
        "flags": 2,
        "description": "Metadata pertaining to creation and last modification of the resource."
      }
    }
  },
  {
    "$type": "ObjectType",
    "name": "DaprStateStoreProperties",
    "properties": {
      "environment": {
        "type": {
          "$ref": "#/0"
        },
        "flags": 1,
        "description": "Fully qualified resource ID for the environment that the portable resource is linked to"
      },
      "application": {
        "type": {
          "$ref": "#/0"
        },
        "flags": 0,
        "description": "Fully qualified resource ID for the application that the portable resource is consumed by (if applicable)"
      },
      "provisioningState": {
        "type": {
          "$ref": "#/107"
        },
        "flags": 2,
        "description": "Provisioning state of the resource at the time the operation was called"
      },
      "status": {
        "type": {
          "$ref": "#/14"
        },
        "flags": 2,
        "description": "Status of a resource."
      },
      "componentName": {
        "type": {
          "$ref": "#/0"
        },
        "flags": 2,
        "description": "The name of the Dapr component object. Use this value in your code when interacting with the Dapr client to use the Dapr component."
      },
      "metadata": {
        "type": {
          "$ref": "#/108"
        },
        "flags": 0,
        "description": "The metadata for Dapr resource which must match the values specified in Dapr component spec"
      },
      "type": {
        "type": {
          "$ref": "#/0"
        },
        "flags": 0,
        "description": "Dapr component type which must matches the format used by Dapr Kubernetes configuration format"
      },
      "version": {
        "type": {
          "$ref": "#/0"
        },
        "flags": 0,
        "description": "Dapr component version"
      },
      "auth": {
        "type": {
          "$ref": "#/35"
        },
        "flags": 0,
        "description": "Authentication properties for a Dapr component object"
      },
      "resources": {
        "type": {
          "$ref": "#/109"
        },
        "flags": 0,
        "description": "A collection of references to resources associated with the state store"
      },
      "recipe": {
        "type": {
          "$ref": "#/38"
        },
        "flags": 0,
        "description": "The recipe used to automatically deploy underlying infrastructure for a portable resource"
      },
      "resourceProvisioning": {
        "type": {
          "$ref": "#/112"
        },
        "flags": 0,
        "description": "Specifies how the underlying service/resource is provisioned and managed. Available values are 'recipe', where Radius manages the lifecycle of the resource through a Recipe, and 'manual', where a user manages the resource and provides the values."
      }
    }
  },
  {
    "$type": "StringLiteralType",
    "value": "Creating"
  },
  {
    "$type": "StringLiteralType",
    "value": "Updating"
  },
  {
    "$type": "StringLiteralType",
    "value": "Deleting"
  },
  {
    "$type": "StringLiteralType",
    "value": "Accepted"
  },
  {
    "$type": "StringLiteralType",
    "value": "Provisioning"
  },
  {
    "$type": "StringLiteralType",
    "value": "Succeeded"
  },
  {
    "$type": "StringLiteralType",
    "value": "Failed"
  },
  {
    "$type": "StringLiteralType",
    "value": "Canceled"
  },
  {
    "$type": "UnionType",
    "elements": [
      {
        "$ref": "#/99"
      },
      {
        "$ref": "#/100"
      },
      {
        "$ref": "#/101"
      },
      {
        "$ref": "#/102"
      },
      {
        "$ref": "#/103"
      },
      {
        "$ref": "#/104"
      },
      {
        "$ref": "#/105"
      },
      {
        "$ref": "#/106"
      }
    ]
  },
  {
    "$type": "ObjectType",
    "name": "DaprStateStorePropertiesMetadata",
    "properties": {},
    "additionalProperties": {
      "$ref": "#/32"
    }
  },
  {
    "$type": "ArrayType",
    "itemType": {
      "$ref": "#/36"
    }
  },
  {
    "$type": "StringLiteralType",
    "value": "recipe"
  },
  {
    "$type": "StringLiteralType",
    "value": "manual"
  },
  {
    "$type": "UnionType",
    "elements": [
      {
        "$ref": "#/110"
      },
      {
        "$ref": "#/111"
      }
    ]
  },
  {
    "$type": "ObjectType",
    "name": "TrackedResourceTags",
    "properties": {},
    "additionalProperties": {
      "$ref": "#/0"
    }
  },
  {
    "$type": "ResourceType",
    "name": "Applications.Dapr/stateStores@2023-10-01-preview",
    "scopeType": 0,
    "body": {
      "$ref": "#/97"
    },
    "flags": 0,
    "functions": {}
  }
]