{
  "resources": {
    "Applications.Core/applications@2023-10-01-preview": {
      "$ref": "applications/applications.core/2023-10-01-preview/types.json#/62"
    },
    "Applications.Core/containers@2023-10-01-preview": {
      "$ref": "applications/applications.core/2023-10-01-preview/types.json#/135"
    },
    "Applications.Core/environments@2023-10-01-preview": {
      "$ref": "applications/applications.core/2023-10-01-preview/types.json#/184"
    },
    "Applications.Core/extenders@2023-10-01-preview": {
      "$ref": "applications/applications.core/2023-10-01-preview/types.json#/205"
    },
    "Applications.Core/gateways@2023-10-01-preview": {
      "$ref": "applications/applications.core/2023-10-01-preview/types.json#/228"
    },
    "Applications.Core/secretStores@2023-10-01-preview": {
      "$ref": "applications/applications.core/2023-10-01-preview/types.json#/264"
    },
    "Applications.Core/volumes@2023-10-01-preview": {
      "$ref": "applications/applications.core/2023-10-01-preview/types.json#/302"
    },
    "Applications.Dapr/configurationStores@2023-10-01-preview": {
      "$ref": "applications/applications.dapr/2023-10-01-preview/types.json#/55"
    },
    "Applications.Dapr/pubSubBrokers@2023-10-01-preview": {
      "$ref": "applications/applications.dapr/2023-10-01-preview/types.json#/75"
    },
    "Applications.Dapr/secretStores@2023-10-01-preview": {
      "$ref": "applications/applications.dapr/2023-10-01-preview/types.json#/94"
    },
    "Applications.Dapr/stateStores@2023-10-01-preview": {
      "$ref": "applications/applications.dapr/2023-10-01-preview/types.json#/114"
    },
    "Applications.Datastores/mongoDatabases@2023-10-01-preview": {
      "$ref": "applications/applications.datastores/2023-10-01-preview/types.json#/55"
    },
    "Applications.Datastores/redisCaches@2023-10-01-preview": {
      "$ref": "applications/applications.datastores/2023-10-01-preview/types.json#/77"
    },
    "Applications.Datastores/sqlDatabases@2023-10-01-preview": {
      "$ref": "applications/applications.datastores/2023-10-01-preview/types.json#/99"
    },
    "Applications.Messaging/rabbitMQQueues@2023-10-01-preview": {
      "$ref": "applications/applications.messaging/2023-10-01-preview/types.json#/55"
    }
  },
  "resourceFunctions": {},
  "settings": {
    "name": "Radius",
    "version": "latest",
    "isSingleton": false
  }
}