[
  {
    "$type": "StringType"
  },
  {
    "$type": "StringLiteralType",
    "value": "Applications.Messaging/rabbitMQQueues"
  },
  {
    "$type": "StringLiteralType",
    "value": "2023-10-01-preview"
  },
  {
    "$type": "ObjectType",
    "name": "Applications.Messaging/rabbitMQQueues",
    "properties": {
      "id": {
        "type": {
          "$ref": "#/0"
        },
        "flags": 10,
        "description": "The resource id"
      },
      "name": {
        "type": {
          "$ref": "#/0"
        },
        "flags": 25,
        "description": "The resource name"
      },
      "type": {
        "type": {
          "$ref": "#/1"
        },
        "flags": 10,
        "description": "The resource type"
      },
      "apiVersion": {
        "type": {
          "$ref": "#/2"
        },
        "flags": 10,
        "description": "The resource api version"
      },
      "properties": {
        "type": {
          "$ref": "#/4"
        },
        "flags": 1,
        "description": "RabbitMQQueue portable resource properties"
      },
      "tags": {
        "type": {
          "$ref": "#/41"
        },
        "flags": 0,
        "description": "Resource tags."
      },
      "location": {
        "type": {
          "$ref": "#/0"
        },
        "flags": 0,
        "description": "The geo-location where the resource lives"
      },
      "systemData": {
        "type": {
          "$ref": "#/42"
        },
        "flags": 2,
        "description": "Metadata pertaining to creation and last modification of the resource."
      }
    }
  },
  {
    "$type": "ObjectType",
    "name": "RabbitMQQueueProperties",
    "properties": {
      "environment": {
        "type": {
          "$ref": "#/0"
        },
        "flags": 1,
        "description": "Fully qualified resource ID for the environment that the portable resource is linked to"
      },
      "application": {
        "type": {
          "$ref": "#/0"
        },
        "flags": 0,
        "description": "Fully qualified resource ID for the application that the portable resource is consumed by (if applicable)"
      },
      "provisioningState": {
        "type": {
          "$ref": "#/13"
        },
        "flags": 2,
        "description": "Provisioning state of the resource at the time the operation was called"
      },
      "status": {
        "type": {
          "$ref": "#/14"
        },
        "flags": 2,
        "description": "Status of a resource."
      },
      "secrets": {
        "type": {
          "$ref": "#/32"
        },
        "flags": 0,
        "description": "The connection secrets properties to the RabbitMQ instance"
      },
      "queue": {
        "type": {
          "$ref": "#/0"
        },
        "flags": 0,
        "description": "The name of the queue"
      },
      "host": {
        "type": {
          "$ref": "#/0"
        },
        "flags": 0,
        "description": "The hostname of the RabbitMQ instance"
      },
      "port": {
        "type": {
          "$ref": "#/33"
        },
        "flags": 0,
        "description": "The port of the RabbitMQ instance. Defaults to 5672"
      },
      "vHost": {
        "type": {
          "$ref": "#/0"
        },
        "flags": 0,
        "description": "The RabbitMQ virtual host (vHost) the client will connect to. Defaults to no vHost."
      },
      "username": {
        "type": {
          "$ref": "#/0"
        },
        "flags": 0,
        "description": "The username to use when connecting to the RabbitMQ instance"
      },
      "resources": {
        "type": {
          "$ref": "#/35"
        },
        "flags": 0,
        "description": "List of the resource IDs that support the rabbitMQ resource"
      },
      "tls": {
        "type": {
          "$ref": "#/30"
        },
        "flags": 0,
        "description": "Specifies whether to use SSL when connecting to the RabbitMQ instance"
      },
      "recipe": {
        "type": {
          "$ref": "#/36"
        },
        "flags": 0,
        "description": "The recipe used to automatically deploy underlying infrastructure for a portable resource"
      },
      "resourceProvisioning": {
        "type": {
          "$ref": "#/40"
        },
        "flags": 0,
        "description": "Specifies how the underlying service/resource is provisioned and managed. Available values are 'recipe', where Radius manages the lifecycle of the resource through a Recipe, and 'manual', where a user manages the resource and provides the values."
      }
    }
  },
  {
    "$type": "StringLiteralType",
    "value": "Creating"
  },
  {
    "$type": "StringLiteralType",
    "value": "Updating"
  },
  {
    "$type": "StringLiteralType",
    "value": "Deleting"
  },
  {
    "$type": "StringLiteralType",
    "value": "Accepted"
  },
  {
    "$type": "StringLiteralType",
    "value": "Provisioning"
  },
  {
    "$type": "StringLiteralType",
    "value": "Succeeded"
  },
  {
    "$type": "StringLiteralType",
    "value": "Failed"
  },
  {
    "$type": "StringLiteralType",
    "value": "Canceled"
  },
  {
    "$type": "UnionType",
    "elements": [
      {
        "$ref": "#/5"
      },
      {
        "$ref": "#/6"
      },
      {
        "$ref": "#/7"
      },
      {
        "$ref": "#/8"
      },
      {
        "$ref": "#/9"
      },
      {
        "$ref": "#/10"
      },
      {
        "$ref": "#/11"
      },
      {
        "$ref": "#/12"
      }
    ]
  },
  {
    "$type": "ObjectType",
    "name": "ResourceStatus",
    "properties": {
      "compute": {
        "type": {
          "$ref": "#/15"
        },
        "flags": 0,
        "description": "Represents backing compute resource"
      },
      "recipe": {
        "type": {
          "$ref": "#/28"
        },
        "flags": 2,
        "description": "Recipe status at deployment time for a resource."
      },
      "outputResources": {
        "type": {
          "$ref": "#/31"
        },
        "flags": 0,
        "description": "Properties of an output resource"
      }
    }
  },
  {
    "$type": "DiscriminatedObjectType",
    "name": "EnvironmentCompute",
    "discriminator": "kind",
    "baseProperties": {
      "resourceId": {
        "type": {
          "$ref": "#/0"
        },
        "flags": 0,
        "description": "The resource id of the compute resource for application environment."
      },
      "identity": {
        "type": {
          "$ref": "#/16"
        },
        "flags": 0,
        "description": "IdentitySettings is the external identity setting."
      }
    },
    "elements": {
      "aci": {
        "$ref": "#/24"
      },
      "kubernetes": {
        "$ref": "#/26"
      }
    }
  },
  {
    "$type": "ObjectType",
    "name": "IdentitySettings",
    "properties": {
      "kind": {
        "type": {
          "$ref": "#/22"
        },
        "flags": 1,
        "description": "IdentitySettingKind is the kind of supported external identity setting"
      },
      "oidcIssuer": {
        "type": {
          "$ref": "#/0"
        },
        "flags": 0,
        "description": "The URI for your compute platform's OIDC issuer"
      },
      "resource": {
        "type": {
          "$ref": "#/0"
        },
        "flags": 0,
        "description": "The resource ID of the provisioned identity"
      },
      "managedIdentity": {
        "type": {
          "$ref": "#/23"
        },
        "flags": 0,
        "description": "The list of user assigned managed identities"
      }
    }
  },
  {
    "$type": "StringLiteralType",
    "value": "undefined"
  },
  {
    "$type": "StringLiteralType",
    "value": "azure.com.workload"
  },
  {
    "$type": "StringLiteralType",
    "value": "userAssigned"
  },
  {
    "$type": "StringLiteralType",
    "value": "systemAssigned"
  },
  {
    "$type": "StringLiteralType",
    "value": "systemAssignedUserAssigned"
  },
  {
    "$type": "UnionType",
    "elements": [
      {
        "$ref": "#/17"
      },
      {
        "$ref": "#/18"
      },
      {
        "$ref": "#/19"
      },
      {
        "$ref": "#/20"
      },
      {
        "$ref": "#/21"
      }
    ]
  },
  {
    "$type": "ArrayType",
    "itemType": {
      "$ref": "#/0"
    }
  },
  {
    "$type": "ObjectType",
    "name": "AzureContainerInstanceCompute",
    "properties": {
      "resourceGroup": {
        "type": {
          "$ref": "#/0"
        },
        "flags": 0,
        "description": "The resource group to use for the environment."
      },
      "kind": {
        "type": {
          "$ref": "#/25"
        },
        "flags": 1,
        "description": "Discriminator property for EnvironmentCompute."
      }
    }
  },
  {
    "$type": "StringLiteralType",
    "value": "aci"
  },
  {
    "$type": "ObjectType",
    "name": "KubernetesCompute",
    "properties": {
      "namespace": {
        "type": {
          "$ref": "#/0"
        },
        "flags": 1,
        "description": "The namespace to use for the environment."
      },
      "kind": {
        "type": {
          "$ref": "#/27"
        },
        "flags": 1,
        "description": "Discriminator property for EnvironmentCompute."
      }
    }
  },
  {
    "$type": "StringLiteralType",
    "value": "kubernetes"
  },
  {
    "$type": "ObjectType",
    "name": "RecipeStatus",
    "properties": {
      "templateKind": {
        "type": {
          "$ref": "#/0"
        },
        "flags": 1,
        "description": "TemplateKind is the kind of the recipe template used by the portable resource upon deployment."
      },
      "templatePath": {
        "type": {
          "$ref": "#/0"
        },
        "flags": 1,
        "description": "TemplatePath is the path of the recipe consumed by the portable resource upon deployment."
      },
      "templateVersion": {
        "type": {
          "$ref": "#/0"
        },
        "flags": 0,
        "description": "TemplateVersion is the version number of the template."
      }
    }
  },
  {
    "$type": "ObjectType",
    "name": "OutputResource",
    "properties": {
      "localId": {
        "type": {
          "$ref": "#/0"
        },
        "flags": 0,
        "description": "The logical identifier scoped to the owning Radius resource. This is only needed or used when a resource has a dependency relationship. LocalIDs do not have any particular format or meaning beyond being compared to determine dependency relationships."
      },
      "id": {
        "type": {
          "$ref": "#/0"
        },
        "flags": 0,
        "description": "The UCP resource ID of the underlying resource."
      },
      "radiusManaged": {
        "type": {
          "$ref": "#/30"
        },
        "flags": 0,
        "description": "Determines whether Radius manages the lifecycle of the underlying resource."
      }
    }
  },
  {
    "$type": "BooleanType"
  },
  {
    "$type": "ArrayType",
    "itemType": {
      "$ref": "#/29"
    }
  },
  {
    "$type": "ObjectType",
    "name": "RabbitMQSecrets",
    "properties": {
      "password": {
        "type": {
          "$ref": "#/0"
        },
        "flags": 0,
        "description": "The password used to connect to the RabbitMQ instance"
      },
      "uri": {
        "type": {
          "$ref": "#/0"
        },
        "flags": 0,
        "description": "The connection URI of the RabbitMQ instance. Generated automatically from host, port, SSL, username, password, and vhost. Can be overridden with a custom value"
      }
    }
  },
  {
    "$type": "IntegerType"
  },
  {
    "$type": "ObjectType",
    "name": "ResourceReference",
    "properties": {
      "id": {
        "type": {
          "$ref": "#/0"
        },
        "flags": 1,
        "description": "Resource id of an existing resource"
      }
    }
  },
  {
    "$type": "ArrayType",
    "itemType": {
      "$ref": "#/34"
    }
  },
  {
    "$type": "ObjectType",
    "name": "Recipe",
    "properties": {
      "name": {
        "type": {
          "$ref": "#/0"
        },
        "flags": 1,
        "description": "The name of the recipe within the environment to use"
      },
      "parameters": {
        "type": {
          "$ref": "#/37"
        },
        "flags": 0,
        "description": "Any object"
      }
    }
  },
  {
    "$type": "AnyType"
  },
  {
    "$type": "StringLiteralType",
    "value": "recipe"
  },
  {
    "$type": "StringLiteralType",
    "value": "manual"
  },
  {
    "$type": "UnionType",
    "elements": [
      {
        "$ref": "#/38"
      },
      {
        "$ref": "#/39"
      }
    ]
  },
  {
    "$type": "ObjectType",
    "name": "TrackedResourceTags",
    "properties": {},
    "additionalProperties": {
      "$ref": "#/0"
    }
  },
  {
    "$type": "ObjectType",
    "name": "SystemData",
    "properties": {
      "createdBy": {
        "type": {
          "$ref": "#/0"
        },
        "flags": 0,
        "description": "The identity that created the resource."
      },
      "createdByType": {
        "type": {
          "$ref": "#/47"
        },
        "flags": 0,
        "description": "The type of identity that created the resource."
      },
      "createdAt": {
        "type": {
          "$ref": "#/0"
        },
        "flags": 0,
        "description": "The timestamp of resource creation (UTC)."
      },
      "lastModifiedBy": {
        "type": {
          "$ref": "#/0"
        },
        "flags": 0,
        "description": "The identity that last modified the resource."
      },
      "lastModifiedByType": {
        "type": {
          "$ref": "#/52"
        },
        "flags": 0,
        "description": "The type of identity that created the resource."
      },
      "lastModifiedAt": {
        "type": {
          "$ref": "#/0"
        },
        "flags": 0,
        "description": "The timestamp of resource last modification (UTC)"
      }
    }
  },
  {
    "$type": "StringLiteralType",
    "value": "User"
  },
  {
    "$type": "StringLiteralType",
    "value": "Application"
  },
  {
    "$type": "StringLiteralType",
    "value": "ManagedIdentity"
  },
  {
    "$type": "StringLiteralType",
    "value": "Key"
  },
  {
    "$type": "UnionType",
    "elements": [
      {
        "$ref": "#/43"
      },
      {
        "$ref": "#/44"
      },
      {
        "$ref": "#/45"
      },
      {
        "$ref": "#/46"
      }
    ]
  },
  {
    "$type": "StringLiteralType",
    "value": "User"
  },
  {
    "$type": "StringLiteralType",
    "value": "Application"
  },
  {
    "$type": "StringLiteralType",
    "value": "ManagedIdentity"
  },
  {
    "$type": "StringLiteralType",
    "value": "Key"
  },
  {
    "$type": "UnionType",
    "elements": [
      {
        "$ref": "#/48"
      },
      {
        "$ref": "#/49"
      },
      {
        "$ref": "#/50"
      },
      {
        "$ref": "#/51"
      }
    ]
  },
  {
    "$type": "ObjectType",
    "name": "RabbitMQListSecretsResult",
    "properties": {
      "password": {
        "type": {
          "$ref": "#/0"
        },
        "flags": 2,
        "description": "The password used to connect to the RabbitMQ instance"
      },
      "uri": {
        "type": {
          "$ref": "#/0"
        },
        "flags": 2,
        "description": "The connection URI of the RabbitMQ instance. Generated automatically from host, port, SSL, username, password, and vhost. Can be overridden with a custom value"
      }
    }
  },
  {
    "$type": "FunctionType",
    "parameters": [],
    "output": {
      "$ref": "#/53"
    }
  },
  {
    "$type": "ResourceType",
    "name": "Applications.Messaging/rabbitMQQueues@2023-10-01-preview",
    "scopeType": 0,
    "body": {
      "$ref": "#/3"
    },
    "flags": 0,
    "functions": {
      "listSecrets": {
        "type": {
          "$ref": "#/54"
        },
        "description": "listSecrets"
      }
    }
  }
]